{
  "version": 1,
  "author": "Pedro Hagge Baptista",
  "editor": "wokwi",
  "parts": [
    { "type": "board-esp32-s3-devkitc-1", "id": "esp", "top": 0, "left": 0, "attrs": {} },
    {
      "type": "wokwi-lcd1602",
      "id": "lcd1",
      "top": 330.17,
      "left": -94.89,
      "attrs": { "pins": "i2c" }
    },
    {
      "type": "wokwi-led",
      "id": "led1",
      "top": -4.1,
      "left": 125.88,
      "attrs": { "color": "red" }
    },
    {
      "type": "wokwi-led",
      "id": "led2",
      "top": -3.77,
      "left": 234.41,
      "attrs": { "color": "blue" }
    },
    {
      "type": "wokwi-led",
      "id": "led3",
      "top": 71.65,
      "left": 181.52,
      "attrs": { "color": "white" }
    },
    {
      "type": "wokwi-buzzer",
      "id": "bz1",
      "top": -9.85,
      "left": -91.11,
      "attrs": { "volume": "0.1" }
    }
  ],
  "connections": [
    [ "esp:TX", "$serialMonitor:RX", "", [] ],
    [ "esp:RX", "$serialMonitor:TX", "", [] ],
    [ "lcd1:VCC", "esp:5V", "orange", [ "h-35.1", "v-208.48" ] ],
    [ "esp:17", "lcd1:SDA", "#8f4814", [ "h-114.72", "v271.41" ] ],
    [ "lcd1:SCL", "esp:16", "red", [ "h-12.41", "v-266.34" ] ],
    [ "lcd1:GND", "esp:GND.2", "black", [ "h-27.33", "v-386.05", "h223.81", "v10.94" ] ],
    [ "bz1:1", "esp:GND.1", "black", [ "v0" ] ],
    [ "bz1:2", "esp:6", "red", [ "v0" ] ],
    [ "led1:C", "esp:GND.3", "black", [ "v0" ] ],
    [ "led3:C", "esp:GND.3", "black", [ "v0" ] ],
    [ "led2:C", "esp:GND.3", "black", [ "v0" ] ],
    [ "esp:13", "led1:A", "red", [ "h-24.34", "v87.96", "h172.06" ] ],
    [ "esp:8", "led2:A", "blue", [ "h-23.75", "v172.78", "h202.6" ] ],
    [ "esp:11", "led3:A", "white", [ "h-51.35", "v141.22", "h12.33" ] ]
  ]
}