{
  "version": 1,
  "author": "Pedro Hagge Baptista",
  "editor": "wokwi",
  "parts": [
    { "type": "wokwi-esp32-devkit-v1", "id": "esp", "top": 0, "left": 0, "attrs": {} },
    {
      "type": "wokwi-photoresistor-sensor",
      "id": "ldr1",
      "top": -111.81,
      "left": -33.83,
      "attrs": {}
    },
    {
      "type": "wokwi-led",
      "id": "led1",
      "top": 42.55,
      "left": -200.88,
      "attrs": { "color": "red" }
    },
    {
      "type": "wokwi-led",
      "id": "led2",
      "top": 41.32,
      "left": -172.7,
      "attrs": { "color": "red" }
    },
    {
      "type": "wokwi-led",
      "id": "led3",
      "top": 40.99,
      "left": -145.17,
      "attrs": { "color": "red" }
    },
    {
      "type": "wokwi-led",
      "id": "led4",
      "top": 40.67,
      "left": -115.72,
      "attrs": { "color": "red" }
    },
    {
      "type": "wokwi-buzzer",
      "id": "bz1",
      "top": -59.13,
      "left": 246.99,
      "attrs": { "volume": "0.1" }
    },
    {
      "type": "wokwi-resistor",
      "id": "r1",
      "top": 110.28,
      "left": 218.52,
      "attrs": { "value": "1000" }
    },
    {
      "type": "wokwi-pushbutton",
      "id": "btn1",
      "top": -43.51,
      "left": 366.45,
      "attrs": { "color": "green" }
    },
    {
      "type": "wokwi-pushbutton",
      "id": "btn2",
      "top": 10.79,
      "left": 366.69,
      "attrs": { "color": "blue" }
    }
  ],
  "connections": [
    [ "esp:TX0", "$serialMonitor:RX", "", [] ],
    [ "esp:RX0", "$serialMonitor:TX", "", [] ],
    [ "ldr1:GND", "esp:GND.1", "black", [ "h30.63", "v238.75" ] ],
    [ "esp:VIN", "ldr1:VCC", "red", [ "h-27.99", "v65.29", "h222.07", "v-315.21" ] ],
    [ "esp:GND.2", "led1:C", "black", [ "h0" ] ],
    [ "led1:A", "esp:D14", "red", [ "v0" ] ],
    [ "ldr1:AO", "esp:D34", "green", [ "h20.99", "v47.19", "h-181.24", "v74.79" ] ],
    [ "esp:GND.2", "led2:C", "black", [ "h0" ] ],
    [ "esp:GND.2", "led3:C", "black", [ "h0" ] ],
    [ "esp:GND.2", "led4:C", "black", [ "h0" ] ],
    [ "led2:A", "esp:D27", "gray", [ "v0" ] ],
    [ "led3:A", "esp:D26", "gold", [ "v0" ] ],
    [ "led4:A", "esp:D25", "blue", [ "v0" ] ],
    [ "esp:GND.1", "r1:1", "black", [ "h0" ] ],
    [ "r1:2", "bz1:1", "black", [ "v0" ] ],
    [ "bz1:2", "esp:D19", "red", [ "v0" ] ],
    [ "esp:GND.1", "btn1:1.l", "black", [ "h0" ] ],
    [ "btn1:2.l", "esp:D18", "orange", [ "h-49.8", "v106.97" ] ],
    [ "esp:GND.1", "btn2:1.l", "black", [ "h256.2", "v-122.77", "h-1.84" ] ],
    [ "esp:D21", "btn2:2.l", "#8f4814", [ "h243.43", "v-18.26" ] ]
  ]
}